-- MySQL dump 10.13  Distrib 8.0.11, for osx10.13 (x86_64)
--
-- Host: localhost    Database: reservation
-- ------------------------------------------------------
-- Server version	8.0.11

/*!40101 SET @OLD_CHARACTER_SET_CLIENT=@@CHARACTER_SET_CLIENT */;
/*!40101 SET @OLD_CHARACTER_SET_RESULTS=@@CHARACTER_SET_RESULTS */;
/*!40101 SET @OLD_COLLATION_CONNECTION=@@COLLATION_CONNECTION */;
 SET NAMES utf8mb4 ;
/*!40103 SET @OLD_TIME_ZONE=@@TIME_ZONE */;
/*!40103 SET TIME_ZONE='+00:00' */;
/*!40014 SET @OLD_UNIQUE_CHECKS=@@UNIQUE_CHECKS, UNIQUE_CHECKS=0 */;
/*!40014 SET @OLD_FOREIGN_KEY_CHECKS=@@FOREIGN_KEY_CHECKS, FOREIGN_KEY_CHECKS=0 */;
/*!40101 SET @OLD_SQL_MODE=@@SQL_MODE, SQL_MODE='NO_AUTO_VALUE_ON_ZERO' */;
/*!40111 SET @OLD_SQL_NOTES=@@SQL_NOTES, SQL_NOTES=0 */;

--
-- Table structure for table `booked_dates`
--

DROP TABLE IF EXISTS `booked_dates`;
/*!40101 SET @saved_cs_client     = @@character_set_client */;
 SET character_set_client = utf8mb4 ;
CREATE TABLE `booked_dates` (
  `id` int(11) NOT NULL AUTO_INCREMENT,
  `listing_id` int(11) DEFAULT NULL,
  `check_in` date NOT NULL,
  `check_out` date NOT NULL,
  PRIMARY KEY (`id`),
  KEY `listing_id` (`listing_id`),
  CONSTRAINT `booked_dates_ibfk_1` FOREIGN KEY (`listing_id`) REFERENCES `listings` (`id`)
) ENGINE=InnoDB AUTO_INCREMENT=488 DEFAULT CHARSET=utf8;
/*!40101 SET character_set_client = @saved_cs_client */;

--
-- Dumping data for table `booked_dates`
--

LOCK TABLES `booked_dates` WRITE;
/*!40000 ALTER TABLE `booked_dates` DISABLE KEYS */;
INSERT INTO `booked_dates` VALUES (1,1,'2018-08-04','2018-08-07'),(2,1,'2018-08-15','2018-08-16'),(3,1,'2018-08-19','2018-08-22'),(4,1,'2018-09-02','2018-09-04'),(5,1,'2018-09-17','2018-09-25'),(6,1,'2018-10-10','2018-10-14'),(7,1,'2018-10-18','2018-10-20'),(8,36,'2018-08-07','2018-08-12'),(9,36,'2018-08-22','2018-08-27'),(10,36,'2018-09-07','2018-09-11'),(11,36,'2018-09-16','2018-09-20'),(12,36,'2018-10-05','2018-10-06'),(13,36,'2018-10-22','2018-10-26'),(14,61,'2018-08-07','2018-08-09'),(15,61,'2018-08-22','2018-08-25'),(16,61,'2018-09-09','2018-09-13'),(17,61,'2018-09-22','2018-09-23'),(18,61,'2018-10-10','2018-10-11'),(19,61,'2018-10-24','2018-10-26'),(20,90,'2018-08-09','2018-08-14'),(21,90,'2018-08-18','2018-08-22'),(22,90,'2018-09-09','2018-09-12'),(23,90,'2018-09-18','2018-09-19'),(24,90,'2018-10-05','2018-10-08'),(25,90,'2018-10-19','2018-10-21'),(26,54,'2018-08-10','2018-08-11'),(27,54,'2018-08-20','2018-08-23'),(28,54,'2018-09-09','2018-09-14'),(29,54,'2018-09-17','2018-09-19'),(30,54,'2018-10-10','2018-10-12'),(31,54,'2018-10-23','2018-10-26'),(32,69,'2018-08-08','2018-08-11'),(33,69,'2018-08-17','2018-08-22'),(34,69,'2018-09-05','2018-09-06'),(35,69,'2018-09-18','2018-09-21'),(36,69,'2018-10-09','2018-10-11'),(37,69,'2018-10-17','2018-10-20'),(38,3,'2018-08-06','2018-08-09'),(39,3,'2018-08-22','2018-08-26'),(40,3,'2018-09-08','2018-09-10'),(41,3,'2018-09-16','2018-09-18'),(42,3,'2018-10-08','2018-10-13'),(43,3,'2018-10-17','2018-10-22'),(44,56,'2018-08-10','2018-08-14'),(45,56,'2018-08-18','2018-08-21'),(46,56,'2018-09-08','2018-09-10'),(47,56,'2018-09-17','2018-09-18'),(48,56,'2018-10-08','2018-10-09'),(49,56,'2018-10-23','2018-10-24'),(50,17,'2018-08-07','2018-08-09'),(51,17,'2018-08-20','2018-08-21'),(52,17,'2018-09-05','2018-09-10'),(53,17,'2018-09-17','2018-09-21'),(54,17,'2018-10-07','2018-10-12'),(55,17,'2018-10-20','2018-10-23'),(56,7,'2018-08-07','2018-08-12'),(57,7,'2018-08-23','2018-08-24'),(58,7,'2018-09-07','2018-09-10'),(59,7,'2018-09-17','2018-09-18'),(60,7,'2018-10-08','2018-10-12'),(61,7,'2018-10-16','2018-10-18'),(62,81,'2018-08-09','2018-08-14'),(63,81,'2018-08-22','2018-08-27'),(64,81,'2018-09-07','2018-09-10'),(65,81,'2018-09-23','2018-09-28'),(66,81,'2018-10-08','2018-10-11'),(67,81,'2018-10-20','2018-10-23'),(68,19,'2018-08-08','2018-08-09'),(69,19,'2018-08-22','2018-08-24'),(70,19,'2018-09-06','2018-09-10'),(71,19,'2018-09-23','2018-09-28'),(72,19,'2018-10-10','2018-10-13'),(73,19,'2018-10-21','2018-10-22'),(74,49,'2018-08-07','2018-08-12'),(75,49,'2018-08-20','2018-08-22'),(76,49,'2018-09-08','2018-09-12'),(77,49,'2018-09-20','2018-09-25'),(78,49,'2018-10-09','2018-10-10'),(79,49,'2018-10-22','2018-10-26'),(80,67,'2018-08-08','2018-08-11'),(81,67,'2018-08-23','2018-08-24'),(82,67,'2018-09-05','2018-09-08'),(83,67,'2018-09-20','2018-09-24'),(84,67,'2018-10-06','2018-10-08'),(85,67,'2018-10-23','2018-10-25'),(86,33,'2018-08-07','2018-08-08'),(87,33,'2018-08-21','2018-08-22'),(88,33,'2018-09-07','2018-09-12'),(89,33,'2018-09-23','2018-09-27'),(90,33,'2018-10-09','2018-10-14'),(91,33,'2018-10-24','2018-10-25'),(92,26,'2018-08-07','2018-08-10'),(93,26,'2018-08-22','2018-08-27'),(94,26,'2018-09-10','2018-09-11'),(95,26,'2018-09-23','2018-09-24'),(96,26,'2018-10-07','2018-10-11'),(97,26,'2018-10-17','2018-10-18'),(98,6,'2018-08-09','2018-08-11'),(99,6,'2018-08-21','2018-08-25'),(100,6,'2018-09-08','2018-09-12'),(101,6,'2018-09-20','2018-09-25'),(102,6,'2018-10-06','2018-10-09'),(103,6,'2018-10-17','2018-10-20'),(104,87,'2018-08-07','2018-08-08'),(105,87,'2018-08-18','2018-08-23'),(106,87,'2018-09-06','2018-09-07'),(107,87,'2018-09-20','2018-09-25'),(108,87,'2018-10-05','2018-10-08'),(109,87,'2018-10-23','2018-10-26'),(110,23,'2018-08-06','2018-08-09'),(111,23,'2018-08-21','2018-08-23'),(112,23,'2018-09-05','2018-09-08'),(113,23,'2018-09-21','2018-09-24'),(114,23,'2018-10-08','2018-10-09'),(115,23,'2018-10-23','2018-10-24'),(116,75,'2018-08-06','2018-08-09'),(117,75,'2018-08-21','2018-08-22'),(118,75,'2018-09-06','2018-09-11'),(119,75,'2018-09-16','2018-09-21'),(120,75,'2018-10-06','2018-10-09'),(121,75,'2018-10-20','2018-10-23'),(122,72,'2018-08-05','2018-08-10'),(123,72,'2018-08-24','2018-08-27'),(124,72,'2018-09-09','2018-09-11'),(125,72,'2018-09-19','2018-09-21'),(126,72,'2018-10-07','2018-10-08'),(127,72,'2018-10-24','2018-10-29'),(128,5,'2018-08-07','2018-08-11'),(129,5,'2018-08-16','2018-08-21'),(130,5,'2018-09-06','2018-09-11'),(131,5,'2018-09-19','2018-09-22'),(132,5,'2018-10-09','2018-10-11'),(133,5,'2018-10-18','2018-10-20'),(134,46,'2018-08-06','2018-08-11'),(135,46,'2018-08-20','2018-08-22'),(136,46,'2018-09-05','2018-09-06'),(137,46,'2018-09-21','2018-09-26'),(138,46,'2018-10-10','2018-10-11'),(139,46,'2018-10-24','2018-10-29'),(140,60,'2018-08-09','2018-08-12'),(141,60,'2018-08-21','2018-08-26'),(142,60,'2018-09-10','2018-09-15'),(143,60,'2018-09-17','2018-09-21'),(144,60,'2018-10-09','2018-10-11'),(145,60,'2018-10-18','2018-10-22'),(146,71,'2018-08-10','2018-08-12'),(147,71,'2018-08-18','2018-08-21'),(148,71,'2018-09-05','2018-09-07'),(149,71,'2018-09-23','2018-09-28'),(150,71,'2018-10-05','2018-10-08'),(151,71,'2018-10-24','2018-10-28'),(152,68,'2018-08-06','2018-08-10'),(153,68,'2018-08-22','2018-08-27'),(154,68,'2018-09-05','2018-09-10'),(155,68,'2018-09-24','2018-09-28'),(156,68,'2018-10-06','2018-10-11'),(157,68,'2018-10-23','2018-10-25'),(158,66,'2018-08-10','2018-08-15'),(159,66,'2018-08-18','2018-08-19'),(160,66,'2018-09-08','2018-09-11'),(161,66,'2018-09-22','2018-09-26'),(162,66,'2018-10-07','2018-10-08'),(163,66,'2018-10-19','2018-10-21'),(164,76,'2018-08-10','2018-08-14'),(165,76,'2018-08-20','2018-08-22'),(166,76,'2018-09-07','2018-09-08'),(167,76,'2018-09-16','2018-09-20'),(168,76,'2018-10-10','2018-10-11'),(169,76,'2018-10-18','2018-10-19'),(170,13,'2018-08-10','2018-08-12'),(171,13,'2018-08-20','2018-08-24'),(172,13,'2018-09-07','2018-09-09'),(173,13,'2018-09-17','2018-09-22'),(174,13,'2018-10-08','2018-10-13'),(175,13,'2018-10-20','2018-10-23'),(176,38,'2018-08-08','2018-08-10'),(177,38,'2018-08-16','2018-08-17'),(178,38,'2018-09-06','2018-09-07'),(179,38,'2018-09-20','2018-09-23'),(180,38,'2018-10-07','2018-10-12'),(181,38,'2018-10-23','2018-10-27'),(182,80,'2018-08-10','2018-08-15'),(183,80,'2018-08-22','2018-08-25'),(184,80,'2018-09-09','2018-09-13'),(185,80,'2018-09-21','2018-09-26'),(186,80,'2018-10-05','2018-10-10'),(187,80,'2018-10-18','2018-10-20'),(188,97,'2018-08-05','2018-08-07'),(189,97,'2018-08-23','2018-08-24'),(190,97,'2018-09-09','2018-09-13'),(191,97,'2018-09-18','2018-09-19'),(192,97,'2018-10-05','2018-10-10'),(193,97,'2018-10-22','2018-10-27'),(194,95,'2018-08-07','2018-08-10'),(195,95,'2018-08-18','2018-08-22'),(196,95,'2018-09-07','2018-09-11'),(197,95,'2018-09-17','2018-09-19'),(198,95,'2018-10-07','2018-10-08'),(199,95,'2018-10-24','2018-10-27'),(200,78,'2018-08-10','2018-08-15'),(201,78,'2018-08-18','2018-08-22'),(202,78,'2018-09-08','2018-09-12'),(203,78,'2018-09-18','2018-09-23'),(204,78,'2018-10-09','2018-10-12'),(205,78,'2018-10-17','2018-10-19'),(206,65,'2018-08-08','2018-08-11'),(207,65,'2018-08-17','2018-08-22'),(208,65,'2018-09-07','2018-09-08'),(209,65,'2018-09-18','2018-09-22'),(210,65,'2018-10-08','2018-10-13'),(211,65,'2018-10-16','2018-10-17'),(212,96,'2018-08-05','2018-08-06'),(213,96,'2018-08-23','2018-08-24'),(214,96,'2018-09-05','2018-09-09'),(215,96,'2018-09-17','2018-09-22'),(216,96,'2018-10-05','2018-10-07'),(217,96,'2018-10-18','2018-10-22'),(218,27,'2018-08-05','2018-08-07'),(219,27,'2018-08-24','2018-08-28'),(220,27,'2018-09-10','2018-09-12'),(221,27,'2018-09-21','2018-09-22'),(222,27,'2018-10-08','2018-10-12'),(223,27,'2018-10-16','2018-10-20'),(224,55,'2018-08-06','2018-08-09'),(225,55,'2018-08-24','2018-08-28'),(226,55,'2018-09-09','2018-09-14'),(227,55,'2018-09-23','2018-09-28'),(228,55,'2018-10-10','2018-10-14'),(229,55,'2018-10-22','2018-10-23'),(230,84,'2018-08-10','2018-08-11'),(231,84,'2018-08-24','2018-08-28'),(232,84,'2018-09-10','2018-09-11'),(233,84,'2018-09-19','2018-09-23'),(234,84,'2018-10-06','2018-10-11'),(235,84,'2018-10-24','2018-10-28'),(236,92,'2018-08-05','2018-08-09'),(237,92,'2018-08-17','2018-08-21'),(238,92,'2018-09-06','2018-09-10'),(239,92,'2018-09-24','2018-09-28'),(240,92,'2018-10-06','2018-10-09'),(241,92,'2018-10-24','2018-10-26'),(242,82,'2018-08-10','2018-08-14'),(243,82,'2018-08-22','2018-08-23'),(244,82,'2018-09-05','2018-09-10'),(245,82,'2018-09-20','2018-09-21'),(246,82,'2018-10-08','2018-10-09'),(247,82,'2018-10-17','2018-10-19'),(248,47,'2018-08-05','2018-08-06'),(249,47,'2018-08-18','2018-08-19'),(250,47,'2018-09-08','2018-09-10'),(251,47,'2018-09-18','2018-09-23'),(252,47,'2018-10-10','2018-10-11'),(253,47,'2018-10-19','2018-10-21'),(254,58,'2018-08-07','2018-08-08'),(255,58,'2018-08-19','2018-08-21'),(256,58,'2018-09-06','2018-09-07'),(257,58,'2018-09-24','2018-09-28'),(258,58,'2018-10-09','2018-10-10'),(259,58,'2018-10-22','2018-10-27'),(260,64,'2018-08-09','2018-08-10'),(261,64,'2018-08-21','2018-08-23'),(262,64,'2018-09-08','2018-09-09'),(263,64,'2018-09-18','2018-09-22'),(264,64,'2018-10-06','2018-10-11'),(265,64,'2018-10-18','2018-10-19'),(266,14,'2018-08-08','2018-08-12'),(267,14,'2018-08-17','2018-08-22'),(268,14,'2018-09-09','2018-09-11'),(269,14,'2018-09-19','2018-09-21'),(270,14,'2018-10-06','2018-10-11'),(271,14,'2018-10-19','2018-10-22'),(272,53,'2018-08-09','2018-08-13'),(273,53,'2018-08-20','2018-08-24'),(274,53,'2018-09-08','2018-09-10'),(275,53,'2018-09-17','2018-09-18'),(276,53,'2018-10-09','2018-10-14'),(277,53,'2018-10-23','2018-10-24'),(278,63,'2018-08-06','2018-08-09'),(279,63,'2018-08-23','2018-08-26'),(280,63,'2018-09-10','2018-09-15'),(281,63,'2018-09-24','2018-09-26'),(282,63,'2018-10-05','2018-10-09'),(283,63,'2018-10-18','2018-10-22'),(284,37,'2018-08-07','2018-08-11'),(285,37,'2018-08-24','2018-08-25'),(286,37,'2018-09-10','2018-09-12'),(287,37,'2018-09-20','2018-09-22'),(288,37,'2018-10-09','2018-10-12'),(289,37,'2018-10-24','2018-10-25'),(290,73,'2018-08-07','2018-08-12'),(291,73,'2018-08-19','2018-08-22'),(292,73,'2018-09-07','2018-09-11'),(293,73,'2018-09-21','2018-09-26'),(294,73,'2018-10-05','2018-10-06'),(295,73,'2018-10-17','2018-10-18'),(296,10,'2018-08-08','2018-08-12'),(297,10,'2018-08-23','2018-08-26'),(298,10,'2018-09-08','2018-09-10'),(299,10,'2018-09-22','2018-09-27'),(300,10,'2018-10-09','2018-10-10'),(301,10,'2018-10-24','2018-10-25'),(302,45,'2018-08-08','2018-08-09'),(303,45,'2018-08-18','2018-08-22'),(304,45,'2018-09-06','2018-09-09'),(305,45,'2018-09-20','2018-09-22'),(306,45,'2018-10-09','2018-10-14'),(307,45,'2018-10-20','2018-10-21'),(308,28,'2018-08-05','2018-08-09'),(309,28,'2018-08-19','2018-08-21'),(310,28,'2018-09-10','2018-09-13'),(311,28,'2018-09-19','2018-09-23'),(312,28,'2018-10-05','2018-10-07'),(313,28,'2018-10-19','2018-10-23'),(314,22,'2018-08-06','2018-08-09'),(315,22,'2018-08-21','2018-08-22'),(316,22,'2018-09-09','2018-09-13'),(317,22,'2018-09-18','2018-09-20'),(318,22,'2018-10-10','2018-10-14'),(319,22,'2018-10-16','2018-10-17'),(320,25,'2018-08-07','2018-08-08'),(321,25,'2018-08-17','2018-08-19'),(322,25,'2018-09-09','2018-09-11'),(323,25,'2018-09-24','2018-09-28'),(324,25,'2018-10-08','2018-10-11'),(325,25,'2018-10-18','2018-10-20'),(326,70,'2018-08-06','2018-08-08'),(327,70,'2018-08-23','2018-08-28'),(328,70,'2018-09-07','2018-09-08'),(329,70,'2018-09-19','2018-09-22'),(330,70,'2018-10-08','2018-10-09'),(331,70,'2018-10-16','2018-10-20'),(332,48,'2018-08-09','2018-08-13'),(333,48,'2018-08-17','2018-08-19'),(334,48,'2018-09-05','2018-09-10'),(335,48,'2018-09-17','2018-09-19'),(336,48,'2018-10-06','2018-10-09'),(337,48,'2018-10-16','2018-10-20'),(338,85,'2018-08-05','2018-08-07'),(339,85,'2018-08-18','2018-08-19'),(340,85,'2018-09-05','2018-09-09'),(341,85,'2018-09-23','2018-09-27'),(342,85,'2018-10-07','2018-10-10'),(343,85,'2018-10-21','2018-10-24'),(344,15,'2018-08-06','2018-08-09'),(345,15,'2018-08-23','2018-08-27'),(346,15,'2018-09-07','2018-09-12'),(347,15,'2018-09-17','2018-09-19'),(348,15,'2018-10-05','2018-10-06'),(349,15,'2018-10-23','2018-10-26'),(350,59,'2018-08-08','2018-08-11'),(351,59,'2018-08-22','2018-08-24'),(352,59,'2018-09-05','2018-09-06'),(353,59,'2018-09-17','2018-09-18'),(354,59,'2018-10-07','2018-10-10'),(355,59,'2018-10-17','2018-10-22'),(356,18,'2018-08-06','2018-08-10'),(357,18,'2018-08-17','2018-08-18'),(358,18,'2018-09-05','2018-09-09'),(359,18,'2018-09-17','2018-09-21'),(360,18,'2018-10-08','2018-10-11'),(361,18,'2018-10-16','2018-10-21'),(362,62,'2018-08-05','2018-08-10'),(363,62,'2018-08-16','2018-08-21'),(364,62,'2018-09-08','2018-09-13'),(365,62,'2018-09-21','2018-09-22'),(366,62,'2018-10-09','2018-10-13'),(367,62,'2018-10-20','2018-10-24'),(368,50,'2018-08-06','2018-08-07'),(369,50,'2018-08-23','2018-08-28'),(370,50,'2018-09-09','2018-09-13'),(371,50,'2018-09-17','2018-09-19'),(372,50,'2018-10-09','2018-10-13'),(373,50,'2018-10-20','2018-10-24'),(374,2,'2018-08-06','2018-08-07'),(375,2,'2018-08-22','2018-08-27'),(376,2,'2018-09-08','2018-09-10'),(377,2,'2018-09-24','2018-09-25'),(378,2,'2018-10-09','2018-10-10'),(379,2,'2018-10-22','2018-10-23'),(380,8,'2018-08-05','2018-08-07'),(381,8,'2018-08-16','2018-08-21'),(382,8,'2018-09-07','2018-09-08'),(383,8,'2018-09-21','2018-09-26'),(384,8,'2018-10-05','2018-10-07'),(385,8,'2018-10-22','2018-10-27'),(386,41,'2018-08-09','2018-08-12'),(387,41,'2018-08-22','2018-08-27'),(388,41,'2018-09-07','2018-09-10'),(389,41,'2018-09-17','2018-09-20'),(390,41,'2018-10-07','2018-10-10'),(391,41,'2018-10-16','2018-10-19'),(392,83,'2018-08-08','2018-08-10'),(393,83,'2018-08-22','2018-08-25'),(394,83,'2018-09-06','2018-09-10'),(395,83,'2018-09-21','2018-09-24'),(396,83,'2018-10-09','2018-10-14'),(397,83,'2018-10-18','2018-10-19'),(398,94,'2018-08-10','2018-08-12'),(399,94,'2018-08-23','2018-08-28'),(400,94,'2018-09-09','2018-09-14'),(401,94,'2018-09-19','2018-09-21'),(402,94,'2018-10-05','2018-10-07'),(403,94,'2018-10-18','2018-10-23'),(404,43,'2018-08-05','2018-08-06'),(405,43,'2018-08-21','2018-08-23'),(406,43,'2018-09-07','2018-09-12'),(407,43,'2018-09-16','2018-09-18'),(408,43,'2018-10-10','2018-10-13'),(409,43,'2018-10-21','2018-10-24'),(410,86,'2018-08-07','2018-08-10'),(411,86,'2018-08-21','2018-08-24'),(412,86,'2018-09-06','2018-09-07'),(413,86,'2018-09-23','2018-09-26'),(414,86,'2018-10-06','2018-10-08'),(415,86,'2018-10-24','2018-10-27'),(416,24,'2018-08-06','2018-08-08'),(417,24,'2018-08-23','2018-08-24'),(418,24,'2018-09-09','2018-09-11'),(419,24,'2018-09-17','2018-09-18'),(420,24,'2018-10-09','2018-10-13'),(421,24,'2018-10-18','2018-10-19'),(422,57,'2018-08-05','2018-08-07'),(423,57,'2018-08-18','2018-08-23'),(424,57,'2018-09-07','2018-09-11'),(425,57,'2018-09-18','2018-09-20'),(426,57,'2018-10-10','2018-10-12'),(427,57,'2018-10-21','2018-10-24'),(428,93,'2018-08-10','2018-08-12'),(429,93,'2018-08-19','2018-08-24'),(430,93,'2018-09-07','2018-09-09'),(431,93,'2018-09-18','2018-09-22'),(432,93,'2018-10-09','2018-10-12'),(433,93,'2018-10-23','2018-10-27'),(434,29,'2018-08-08','2018-08-13'),(435,29,'2018-08-18','2018-08-19'),(436,29,'2018-09-05','2018-09-08'),(437,29,'2018-09-16','2018-09-21'),(438,29,'2018-10-06','2018-10-07'),(439,29,'2018-10-22','2018-10-24'),(440,16,'2018-08-07','2018-08-11'),(441,16,'2018-08-23','2018-08-25'),(442,16,'2018-09-08','2018-09-12'),(443,16,'2018-09-22','2018-09-26'),(444,16,'2018-10-07','2018-10-08'),(445,16,'2018-10-24','2018-10-25'),(446,77,'2018-08-07','2018-08-08'),(447,77,'2018-08-22','2018-08-24'),(448,77,'2018-09-09','2018-09-10'),(449,77,'2018-09-19','2018-09-24'),(450,77,'2018-10-08','2018-10-12'),(451,77,'2018-10-21','2018-10-23'),(452,74,'2018-08-08','2018-08-09'),(453,74,'2018-08-24','2018-08-27'),(454,74,'2018-09-09','2018-09-10'),(455,74,'2018-09-17','2018-09-21'),(456,74,'2018-10-05','2018-10-06'),(457,74,'2018-10-24','2018-10-27'),(458,39,'2018-08-05','2018-08-08'),(459,39,'2018-08-23','2018-08-28'),(460,39,'2018-09-09','2018-09-12'),(461,39,'2018-09-19','2018-09-23'),(462,39,'2018-10-07','2018-10-11'),(463,39,'2018-10-22','2018-10-25'),(464,51,'2018-08-10','2018-08-15'),(465,51,'2018-08-19','2018-08-22'),(466,51,'2018-09-09','2018-09-13'),(467,51,'2018-09-24','2018-09-26'),(468,51,'2018-10-08','2018-10-12'),(469,51,'2018-10-24','2018-10-26'),(470,30,'2018-08-10','2018-08-11'),(471,30,'2018-08-16','2018-08-18'),(472,30,'2018-09-06','2018-09-10'),(473,30,'2018-09-18','2018-09-19'),(474,30,'2018-10-10','2018-10-15'),(475,30,'2018-10-23','2018-10-27'),(476,34,'2018-08-06','2018-08-11'),(477,34,'2018-08-23','2018-08-27'),(478,34,'2018-09-06','2018-09-07'),(479,34,'2018-09-18','2018-09-21'),(480,34,'2018-10-10','2018-10-15'),(481,34,'2018-10-21','2018-10-24'),(482,79,'2018-08-09','2018-08-11'),(483,79,'2018-08-17','2018-08-18'),(484,79,'2018-09-05','2018-09-08'),(485,79,'2018-09-20','2018-09-21'),(486,79,'2018-10-10','2018-10-13'),(487,79,'2018-10-22','2018-10-23');
/*!40000 ALTER TABLE `booked_dates` ENABLE KEYS */;
UNLOCK TABLES;

--
-- Table structure for table `hosts`
--

DROP TABLE IF EXISTS `hosts`;
/*!40101 SET @saved_cs_client     = @@character_set_client */;
 SET character_set_client = utf8mb4 ;
CREATE TABLE `hosts` (
  `id` int(11) NOT NULL AUTO_INCREMENT,
  `user_id` int(11) DEFAULT NULL,
  PRIMARY KEY (`id`),
  KEY `user_id` (`user_id`),
  CONSTRAINT `hosts_ibfk_1` FOREIGN KEY (`user_id`) REFERENCES `users` (`id`)
) ENGINE=InnoDB AUTO_INCREMENT=122 DEFAULT CHARSET=utf8;
/*!40101 SET character_set_client = @saved_cs_client */;

--
-- Dumping data for table `hosts`
--

LOCK TABLES `hosts` WRITE;
/*!40000 ALTER TABLE `hosts` DISABLE KEYS */;
INSERT INTO `hosts` VALUES (1,1),(58,2),(3,3),(63,4),(44,5),(61,6),(52,8),(117,9),(29,10),(121,11),(42,12),(70,13),(24,14),(107,15),(114,16),(49,18),(18,19),(83,20),(86,21),(64,23),(54,24),(115,25),(30,27),(111,28),(89,29),(5,30),(87,31),(6,32),(60,33),(19,34),(22,35),(56,36),(41,37),(88,38),(10,39),(9,40),(33,41),(100,42),(45,43),(48,44),(98,47),(27,48),(14,49),(77,50),(110,51),(37,52),(4,53),(72,54),(47,55),(34,56),(94,57),(96,58),(67,59),(118,60),(68,61),(75,62),(76,63),(69,65),(8,66),(62,67),(85,68),(15,69),(43,70),(53,71),(31,73),(78,74),(38,75),(81,77),(13,78),(59,79),(23,80),(17,81),(25,82),(74,83),(11,84),(84,85),(66,86),(55,87),(73,88),(82,89),(97,90),(2,91),(91,92),(35,93),(99,94),(40,95),(106,96),(46,97),(119,98),(32,99),(71,100),(65,101),(103,102),(104,103),(112,104),(101,105),(95,106),(90,107),(108,108),(39,109),(113,110),(80,111),(28,112),(92,113),(105,114),(50,115),(57,116),(21,117),(7,118),(102,119),(93,120),(20,121),(26,122),(116,123),(109,124),(12,125),(51,126),(120,127),(36,128),(79,129),(16,130);
/*!40000 ALTER TABLE `hosts` ENABLE KEYS */;
UNLOCK TABLES;

--
-- Table structure for table `listings`
--

DROP TABLE IF EXISTS `listings`;
/*!40101 SET @saved_cs_client     = @@character_set_client */;
 SET character_set_client = utf8mb4 ;
CREATE TABLE `listings` (
  `id` int(11) NOT NULL AUTO_INCREMENT,
  `host_id` int(11) DEFAULT NULL,
  `review_id` int(11) DEFAULT NULL,
  `weekly_views` int(11) DEFAULT '0',
  `min_stay` int(11) DEFAULT '1',
  `max_guests` int(11) DEFAULT NULL,
  `fees` float DEFAULT '0',
  `tax_rate` int(11) DEFAULT NULL,
  `rate` float NOT NULL,
  PRIMARY KEY (`id`),
  KEY `host_id` (`host_id`),
  KEY `review_id` (`review_id`),
  CONSTRAINT `listings_ibfk_1` FOREIGN KEY (`host_id`) REFERENCES `hosts` (`id`),
  CONSTRAINT `listings_ibfk_2` FOREIGN KEY (`review_id`) REFERENCES `reviews` (`id`)
) ENGINE=InnoDB AUTO_INCREMENT=100 DEFAULT CHARSET=utf8;
/*!40101 SET character_set_client = @saved_cs_client */;

--
-- Dumping data for table `listings`
--

LOCK TABLES `listings` WRITE;
/*!40000 ALTER TABLE `listings` DISABLE KEYS */;
INSERT INTO `listings` VALUES (1,1,1,555,2,5,5,20,99),(2,24,16,195,2,9,9,2,203),(3,71,69,166,3,8,9,6,66),(4,84,57,340,2,3,8,18,55),(5,60,43,409,2,9,10,7,290),(6,34,28,179,3,2,1,10,32),(7,12,13,450,3,10,2,9,47),(8,31,53,455,3,10,10,3,169),(9,53,37,64,3,10,2,17,205),(10,63,93,450,1,8,4,8,132),(11,69,27,33,3,8,9,14,74),(12,22,72,503,3,8,6,13,121),(13,2,17,518,1,6,3,9,148),(14,80,58,323,1,6,8,1,60),(15,52,9,342,3,6,4,10,141),(16,42,85,566,1,4,5,18,221),(17,40,62,546,3,4,6,16,142),(18,50,22,322,2,5,7,3,266),(19,95,32,284,3,5,3,5,84),(20,32,61,63,1,9,5,19,195),(21,30,90,48,3,5,5,3,193),(22,47,89,124,3,7,3,1,201),(23,96,56,338,1,5,1,17,165),(24,17,65,14,2,8,2,9,290),(25,93,59,475,2,7,7,1,197),(26,43,66,291,3,4,6,16,265),(27,35,97,100,2,10,9,5,255),(28,20,30,503,3,2,2,18,276),(29,38,42,371,1,5,8,17,217),(30,16,76,191,2,10,3,20,49),(31,3,92,205,1,6,1,10,252),(32,13,8,477,1,2,5,16,33),(33,6,41,498,1,2,4,10,172),(34,18,74,186,3,4,10,1,70),(35,28,68,558,3,10,1,7,140),(36,8,82,386,3,2,6,2,246),(37,97,88,133,3,10,9,1,153),(38,36,81,83,1,2,2,2,85),(39,15,46,166,3,10,5,11,207),(40,61,71,109,2,7,8,19,210),(41,78,40,42,1,3,6,2,152),(42,9,29,384,3,10,3,3,218),(43,87,51,26,3,9,1,2,146),(44,98,36,556,1,7,5,7,65),(45,14,96,81,3,6,3,11,64),(46,33,11,230,2,6,1,1,148),(47,41,20,246,3,10,1,7,283),(48,46,60,330,3,8,6,16,119),(49,67,78,521,1,10,2,8,163),(50,100,98,420,3,7,3,18,91),(51,90,52,240,1,6,7,7,84),(52,56,99,579,2,6,9,10,87),(53,37,95,25,1,10,3,8,25),(54,77,6,162,2,5,4,17,64),(55,10,14,171,2,9,10,4,40),(56,59,38,185,2,8,6,4,262),(57,62,50,466,3,4,2,19,171),(58,49,31,221,1,4,8,5,31),(59,89,54,122,1,2,6,6,264),(60,65,19,538,1,10,10,10,279),(61,75,63,577,2,2,9,18,283),(62,64,24,81,2,2,9,8,42),(63,51,79,96,2,6,4,13,108),(64,58,87,213,1,2,3,6,22),(65,66,80,218,1,10,2,3,206),(66,25,48,24,1,5,1,20,29),(67,85,75,129,2,7,2,2,91),(68,26,64,152,3,2,8,14,163),(69,86,83,264,2,9,1,5,57),(70,68,26,188,2,8,6,20,66),(71,27,12,485,2,10,8,9,28),(72,79,33,65,3,4,2,19,39),(73,29,4,231,1,8,10,14,100),(74,88,35,563,3,7,5,20,191),(75,57,49,435,2,5,8,10,37),(76,45,25,431,2,10,4,1,64),(77,70,7,252,2,10,7,4,156),(78,44,2,571,2,7,10,4,237),(79,99,55,408,1,7,1,1,37),(80,92,10,310,2,8,10,20,56),(81,73,91,391,3,9,7,2,130),(82,23,45,266,1,4,8,10,204),(83,74,84,233,3,9,1,16,261),(84,94,34,274,2,7,10,2,247),(85,81,67,290,3,7,2,11,1),(86,48,86,497,2,7,5,16,66),(87,82,18,550,1,10,8,18,148),(88,72,100,83,2,4,7,20,254),(89,91,94,30,1,9,4,16,29),(90,39,77,45,1,3,2,13,32),(91,11,15,543,1,6,1,9,192),(92,55,3,87,2,2,1,15,172),(93,83,39,123,2,8,1,20,184),(94,5,73,426,3,2,1,8,146),(95,4,44,227,1,7,3,10,264),(96,54,47,412,1,6,10,13,236),(97,7,70,259,3,7,2,20,106),(98,19,21,302,2,7,4,18,142),(99,76,5,178,1,7,8,11,264);
/*!40000 ALTER TABLE `listings` ENABLE KEYS */;
UNLOCK TABLES;

--
-- Table structure for table `reservations`
--

DROP TABLE IF EXISTS `reservations`;
/*!40101 SET @saved_cs_client     = @@character_set_client */;
 SET character_set_client = utf8mb4 ;
CREATE TABLE `reservations` (
  `id` int(11) NOT NULL AUTO_INCREMENT,
  `guest_id` int(11) DEFAULT NULL,
  `booked_dates_id` int(11) NOT NULL,
  `total_adults` int(11) NOT NULL,
  `total_pups` int(11) DEFAULT '0',
  `total_charge` float NOT NULL,
  `created_at` datetime DEFAULT CURRENT_TIMESTAMP,
  PRIMARY KEY (`id`),
  KEY `guest_id` (`guest_id`),
  CONSTRAINT `reservations_ibfk_1` FOREIGN KEY (`guest_id`) REFERENCES `users` (`id`)
) ENGINE=InnoDB DEFAULT CHARSET=utf8;
/*!40101 SET character_set_client = @saved_cs_client */;

--
-- Dumping data for table `reservations`
--

LOCK TABLES `reservations` WRITE;
/*!40000 ALTER TABLE `reservations` DISABLE KEYS */;
/*!40000 ALTER TABLE `reservations` ENABLE KEYS */;
UNLOCK TABLES;

--
-- Table structure for table `reviews`
--

DROP TABLE IF EXISTS `reviews`;
/*!40101 SET @saved_cs_client     = @@character_set_client */;
 SET character_set_client = utf8mb4 ;
CREATE TABLE `reviews` (
  `id` int(11) NOT NULL AUTO_INCREMENT,
  `total_reviews` int(11) DEFAULT '0',
  `avg_rating` float DEFAULT '0',
  PRIMARY KEY (`id`)
) ENGINE=InnoDB AUTO_INCREMENT=122 DEFAULT CHARSET=utf8;
/*!40101 SET character_set_client = @saved_cs_client */;

--
-- Dumping data for table `reviews`
--

LOCK TABLES `reviews` WRITE;
/*!40000 ALTER TABLE `reviews` DISABLE KEYS */;
INSERT INTO `reviews` VALUES (1,99,3.5),(2,852,1.2587),(3,837,2.28655),(4,936,3.68026),(5,219,1.91301),(6,565,3.40766),(7,627,3.83595),(8,989,1.2902),(9,290,3.79806),(10,1033,1.98473),(11,984,2.63553),(12,753,2.23447),(13,54,0.406031),(14,286,3.25275),(15,319,1.9851),(16,435,2.38272),(17,542,2.73131),(18,797,3.23712),(19,83,0.886229),(20,13,0.452113),(21,767,1.45947),(22,756,3.58003),(23,541,2.34059),(24,494,2.93018),(25,349,1.3806),(26,363,2.91327),(27,526,1.2004),(28,140,2.02322),(29,127,0.672705),(30,688,1.37612),(31,1069,3.7799),(32,296,1.33686),(33,302,1.63783),(34,499,3.02126),(35,693,2.01878),(36,467,1.07746),(37,1083,2.89127),(38,664,1.49614),(39,714,0.11703),(40,1045,1.39533),(41,816,0.482768),(42,391,0.682326),(43,231,0.982856),(44,596,1.67084),(45,546,3.0568),(46,118,1.46827),(47,58,0.6274),(48,1072,0.904357),(49,242,0.637424),(50,243,2.78426),(51,64,3.87548),(52,84,2.9485),(53,234,1.66017),(54,1099,2.16288),(55,974,2.15133),(56,268,1.38299),(57,689,3.91079),(58,390,1.84925),(59,352,3.21514),(60,51,2.45895),(61,591,1.25627),(62,1102,3.07744),(63,250,0.308656),(64,209,1.40947),(65,645,1.6596),(66,150,1.38232),(67,669,1.67081),(68,1018,0.00433898),(69,130,1.50386),(70,583,3.32302),(71,754,3.23776),(72,38,3.37678),(73,495,1.35448),(74,1020,2.59785),(75,745,1.82206),(76,36,2.87851),(77,363,0.464318),(78,673,2.27681),(79,542,1.31835),(80,508,2.18798),(81,44,3.16347),(82,789,3.23013),(83,665,3.86079),(84,1048,3.6091),(85,681,1.69924),(86,1030,0.899317),(87,689,1.45696),(88,837,0.27331),(89,527,3.08903),(90,1102,2.92169),(91,407,2.1189),(92,778,3.99505),(93,199,3.39732),(94,948,1.91752),(95,0,0.00340534),(96,1097,2.96651),(97,667,0.403907),(98,1057,1.31443),(99,1067,2.90297),(100,59,2.11337),(101,252,1.82802),(102,60,1.37223),(103,793,2.98449),(104,547,3.83845),(105,780,1.993),(106,736,2.18131),(107,693,1.72421),(108,545,3.78861),(109,354,1.54697),(110,631,1.74182),(111,512,3.70506),(112,234,3.71637),(113,347,0.796855),(114,264,0.485013),(115,1,0.484602),(116,640,1.2633),(117,1056,3.29839),(118,544,0.861561),(119,36,1.91922),(120,489,1.80558),(121,593,0.83791);
/*!40000 ALTER TABLE `reviews` ENABLE KEYS */;
UNLOCK TABLES;

--
-- Table structure for table `users`
--

DROP TABLE IF EXISTS `users`;
/*!40101 SET @saved_cs_client     = @@character_set_client */;
 SET character_set_client = utf8mb4 ;
CREATE TABLE `users` (
  `id` int(11) NOT NULL AUTO_INCREMENT,
  `username` varchar(35) NOT NULL,
  PRIMARY KEY (`id`)
) ENGINE=InnoDB AUTO_INCREMENT=201 DEFAULT CHARSET=utf8;
/*!40101 SET character_set_client = @saved_cs_client */;

--
-- Dumping data for table `users`
--

LOCK TABLES `users` WRITE;
/*!40000 ALTER TABLE `users` DISABLE KEYS */;
INSERT INTO `users` VALUES (1,'kittyPerry1'),(2,'singleFlaMingle0'),(3,'whalewhalewhale1'),(4,'kittyPerry2'),(5,'pupofjoe3'),(6,'instaham4'),(7,'couchpugtato5'),(8,'littlemewmaid6'),(9,'toadallyCool7'),(10,'toadallyCool8'),(11,'sleepingmewty9'),(12,'whalewhalewhale10'),(13,'pupofjoe11'),(14,'toadallyCool12'),(15,'pupofjoe13'),(16,'toadallyCool14'),(17,'pupofjoe15'),(18,'couchpugtato16'),(19,'pupofjoe17'),(20,'singleFlaMingle18'),(21,'littlemewmaid19'),(22,'instaham20'),(23,'instaham21'),(24,'instaham22'),(25,'pupofjoe23'),(26,'pupofjoe24'),(27,'whatdoestheMDNfirefoxsay25'),(28,'hipsterpotamus26'),(29,'littlemewmaid27'),(30,'couchpugtato28'),(31,'toadallyCool29'),(32,'littlemewmaid30'),(33,'instaham31'),(34,'whalewhalewhale32'),(35,'pupofjoe33'),(36,'chimpion34'),(37,'couchpugtato35'),(38,'chimpion36'),(39,'chimpion37'),(40,'sleepingmewty38'),(41,'whalewhalewhale39'),(42,'toadallyCool40'),(43,'hipsterpotamus41'),(44,'chimpion42'),(45,'instaham43'),(46,'toadallyCool44'),(47,'hipsterpotamus45'),(48,'littlemewmaid46'),(49,'chimpion47'),(50,'chimpion48'),(51,'hipsterpotamus49'),(52,'kittyPerry50'),(53,'littlemewmaid51'),(54,'singleFlaMingle52'),(55,'littlemewmaid53'),(56,'sleepingmewty54'),(57,'kittyPerry55'),(58,'whalewhalewhale56'),(59,'whalewhalewhale57'),(60,'instaham58'),(61,'singleFlaMingle59'),(62,'kittyPerry60'),(63,'sleepingmewty61'),(64,'littlemewmaid62'),(65,'chimpion63'),(66,'whatdoestheMDNfirefoxsay64'),(67,'toadallyCool65'),(68,'littlemewmaid66'),(69,'sleepingmewty67'),(70,'hipsterpotamus68'),(71,'whatdoestheMDNfirefoxsay69'),(72,'kittyPerry70'),(73,'couchpugtato71'),(74,'toadallyCool72'),(75,'pupofjoe73'),(76,'instaham74'),(77,'kittyPerry75'),(78,'instaham76'),(79,'singleFlaMingle77'),(80,'toadallyCool78'),(81,'toadallyCool79'),(82,'whatdoestheMDNfirefoxsay80'),(83,'instaham81'),(84,'whalewhalewhale82'),(85,'pupofjoe83'),(86,'whalewhalewhale84'),(87,'pupofjoe85'),(88,'sleepingmewty86'),(89,'hipsterpotamus87'),(90,'sleepingmewty88'),(91,'pupofjoe89'),(92,'pupofjoe90'),(93,'whatdoestheMDNfirefoxsay91'),(94,'hipsterpotamus92'),(95,'kittyPerry93'),(96,'whatdoestheMDNfirefoxsay94'),(97,'pupofjoe95'),(98,'singleFlaMingle96'),(99,'toadallyCool97'),(100,'whalewhalewhale98'),(101,'toadallyCool99'),(102,'hipsterpotamus100'),(103,'whalewhalewhale101'),(104,'sleepingmewty102'),(105,'kittyPerry103'),(106,'singleFlaMingle104'),(107,'whatdoestheMDNfirefoxsay105'),(108,'kittyPerry106'),(109,'kittyPerry107'),(110,'hipsterpotamus108'),(111,'sleepingmewty109'),(112,'singleFlaMingle110'),(113,'pupofjoe111'),(114,'couchpugtato112'),(115,'sleepingmewty113'),(116,'whalewhalewhale114'),(117,'instaham115'),(118,'instaham116'),(119,'singleFlaMingle117'),(120,'toadallyCool118'),(121,'whalewhalewhale119'),(122,'toadallyCool120'),(123,'singleFlaMingle121'),(124,'whatdoestheMDNfirefoxsay122'),(125,'kittyPerry123'),(126,'chimpion124'),(127,'toadallyCool125'),(128,'toadallyCool126'),(129,'pupofjoe127'),(130,'whatdoestheMDNfirefoxsay128'),(131,'pupofjoe129'),(132,'whalewhalewhale130'),(133,'couchpugtato131'),(134,'hipsterpotamus132'),(135,'couchpugtato133'),(136,'hipsterpotamus134'),(137,'sleepingmewty135'),(138,'chimpion136'),(139,'whalewhalewhale137'),(140,'singleFlaMingle138'),(141,'whatdoestheMDNfirefoxsay139'),(142,'instaham140'),(143,'littlemewmaid141'),(144,'littlemewmaid142'),(145,'whatdoestheMDNfirefoxsay143'),(146,'singleFlaMingle144'),(147,'singleFlaMingle145'),(148,'toadallyCool146'),(149,'hipsterpotamus147'),(150,'singleFlaMingle148'),(151,'singleFlaMingle149'),(152,'littlemewmaid150'),(153,'chimpion151'),(154,'instaham152'),(155,'littlemewmaid153'),(156,'toadallyCool154'),(157,'couchpugtato155'),(158,'chimpion156'),(159,'sleepingmewty157'),(160,'hipsterpotamus158'),(161,'littlemewmaid159'),(162,'sleepingmewty160'),(163,'instaham161'),(164,'sleepingmewty162'),(165,'whatdoestheMDNfirefoxsay163'),(166,'littlemewmaid164'),(167,'sleepingmewty165'),(168,'instaham166'),(169,'pupofjoe167'),(170,'kittyPerry168'),(171,'hipsterpotamus169'),(172,'whatdoestheMDNfirefoxsay170'),(173,'instaham171'),(174,'hipsterpotamus172'),(175,'littlemewmaid173'),(176,'kittyPerry174'),(177,'instaham175'),(178,'chimpion176'),(179,'instaham177'),(180,'singleFlaMingle178'),(181,'singleFlaMingle179'),(182,'whatdoestheMDNfirefoxsay180'),(183,'toadallyCool181'),(184,'sleepingmewty182'),(185,'littlemewmaid183'),(186,'singleFlaMingle184'),(187,'hipsterpotamus185'),(188,'hipsterpotamus186'),(189,'littlemewmaid187'),(190,'hipsterpotamus188'),(191,'whatdoestheMDNfirefoxsay189'),(192,'instaham190'),(193,'sleepingmewty191'),(194,'littlemewmaid192'),(195,'whalewhalewhale193'),(196,'pupofjoe194'),(197,'couchpugtato195'),(198,'hipsterpotamus196'),(199,'whatdoestheMDNfirefoxsay197'),(200,'kittyPerry198');
/*!40000 ALTER TABLE `users` ENABLE KEYS */;
UNLOCK TABLES;
/*!40103 SET TIME_ZONE=@OLD_TIME_ZONE */;

/*!40101 SET SQL_MODE=@OLD_SQL_MODE */;
/*!40014 SET FOREIGN_KEY_CHECKS=@OLD_FOREIGN_KEY_CHECKS */;
/*!40014 SET UNIQUE_CHECKS=@OLD_UNIQUE_CHECKS */;
/*!40101 SET CHARACTER_SET_CLIENT=@OLD_CHARACTER_SET_CLIENT */;
/*!40101 SET CHARACTER_SET_RESULTS=@OLD_CHARACTER_SET_RESULTS */;
/*!40101 SET COLLATION_CONNECTION=@OLD_COLLATION_CONNECTION */;
/*!40111 SET SQL_NOTES=@OLD_SQL_NOTES */;

-- Dump completed on 2018-08-03 12:37:22
