-- MySQL dump 10.13  Distrib 8.0.11, for osx10.13 (x86_64)
--
-- Host: localhost    Database: reservation
-- ------------------------------------------------------
-- Server version	8.0.11

/*!40101 SET @OLD_CHARACTER_SET_CLIENT=@@CHARACTER_SET_CLIENT */;
/*!40101 SET @OLD_CHARACTER_SET_RESULTS=@@CHARACTER_SET_RESULTS */;
/*!40101 SET @OLD_COLLATION_CONNECTION=@@COLLATION_CONNECTION */;
 SET NAMES utf8mb4 ;
/*!40103 SET @OLD_TIME_ZONE=@@TIME_ZONE */;
/*!40103 SET TIME_ZONE='+00:00' */;
/*!40014 SET @OLD_UNIQUE_CHECKS=@@UNIQUE_CHECKS, UNIQUE_CHECKS=0 */;
/*!40014 SET @OLD_FOREIGN_KEY_CHECKS=@@FOREIGN_KEY_CHECKS, FOREIGN_KEY_CHECKS=0 */;
/*!40101 SET @OLD_SQL_MODE=@@SQL_MODE, SQL_MODE='NO_AUTO_VALUE_ON_ZERO' */;
/*!40111 SET @OLD_SQL_NOTES=@@SQL_NOTES, SQL_NOTES=0 */;

--
-- Table structure for table `booked_dates`
--

DROP TABLE IF EXISTS `booked_dates`;
/*!40101 SET @saved_cs_client     = @@character_set_client */;
 SET character_set_client = utf8mb4 ;
CREATE TABLE `booked_dates` (
  `id` int(11) NOT NULL AUTO_INCREMENT,
  `listing_id` int(11) DEFAULT NULL,
  `check_in` date NOT NULL,
  `check_out` date NOT NULL,
  PRIMARY KEY (`id`),
  KEY `listing_id` (`listing_id`),
  CONSTRAINT `booked_dates_ibfk_1` FOREIGN KEY (`listing_id`) REFERENCES `listings` (`id`)
) ENGINE=InnoDB AUTO_INCREMENT=481 DEFAULT CHARSET=utf8;
/*!40101 SET character_set_client = @saved_cs_client */;

--
-- Dumping data for table `booked_dates`
--

LOCK TABLES `booked_dates` WRITE;
/*!40000 ALTER TABLE `booked_dates` DISABLE KEYS */;
INSERT INTO `booked_dates` VALUES (1,13,'2018-08-07','2018-08-10'),(2,13,'2018-08-16','2018-08-17'),(3,13,'2018-09-10','2018-09-12'),(4,13,'2018-09-18','2018-09-19'),(5,13,'2018-10-08','2018-10-13'),(6,13,'2018-10-19','2018-10-23'),(7,83,'2018-08-07','2018-08-12'),(8,83,'2018-08-23','2018-08-25'),(9,83,'2018-09-08','2018-09-10'),(10,83,'2018-09-19','2018-09-23'),(11,83,'2018-10-08','2018-10-12'),(12,83,'2018-10-21','2018-10-23'),(13,7,'2018-08-09','2018-08-11'),(14,7,'2018-08-19','2018-08-20'),(15,7,'2018-09-07','2018-09-11'),(16,7,'2018-09-22','2018-09-24'),(17,7,'2018-10-07','2018-10-10'),(18,7,'2018-10-22','2018-10-25'),(19,97,'2018-08-05','2018-08-06'),(20,97,'2018-08-19','2018-08-20'),(21,97,'2018-09-05','2018-09-07'),(22,97,'2018-09-20','2018-09-22'),(23,97,'2018-10-09','2018-10-11'),(24,97,'2018-10-22','2018-10-26'),(25,48,'2018-08-05','2018-08-10'),(26,48,'2018-08-16','2018-08-18'),(27,48,'2018-09-07','2018-09-10'),(28,48,'2018-09-17','2018-09-20'),(29,48,'2018-10-09','2018-10-10'),(30,48,'2018-10-16','2018-10-21'),(31,38,'2018-08-08','2018-08-12'),(32,38,'2018-08-20','2018-08-21'),(33,38,'2018-09-07','2018-09-09'),(34,38,'2018-09-16','2018-09-18'),(35,38,'2018-10-05','2018-10-08'),(36,38,'2018-10-16','2018-10-17'),(37,82,'2018-08-05','2018-08-09'),(38,82,'2018-08-21','2018-08-22'),(39,82,'2018-09-07','2018-09-08'),(40,82,'2018-09-20','2018-09-24'),(41,82,'2018-10-10','2018-10-13'),(42,82,'2018-10-19','2018-10-23'),(43,90,'2018-08-07','2018-08-09'),(44,90,'2018-08-16','2018-08-20'),(45,90,'2018-09-06','2018-09-11'),(46,90,'2018-09-21','2018-09-24'),(47,90,'2018-10-10','2018-10-15'),(48,90,'2018-10-16','2018-10-18'),(49,87,'2018-08-06','2018-08-09'),(50,87,'2018-08-23','2018-08-26'),(51,87,'2018-09-07','2018-09-11'),(52,87,'2018-09-23','2018-09-26'),(53,87,'2018-10-05','2018-10-10'),(54,87,'2018-10-20','2018-10-22'),(55,72,'2018-08-09','2018-08-13'),(56,72,'2018-08-21','2018-08-23'),(57,72,'2018-09-08','2018-09-10'),(58,72,'2018-09-16','2018-09-18'),(59,72,'2018-10-10','2018-10-11'),(60,72,'2018-10-18','2018-10-20'),(61,33,'2018-08-07','2018-08-12'),(62,33,'2018-08-19','2018-08-21'),(63,33,'2018-09-07','2018-09-09'),(64,33,'2018-09-18','2018-09-22'),(65,33,'2018-10-10','2018-10-13'),(66,33,'2018-10-18','2018-10-19'),(67,80,'2018-08-07','2018-08-12'),(68,80,'2018-08-19','2018-08-22'),(69,80,'2018-09-07','2018-09-12'),(70,80,'2018-09-20','2018-09-22'),(71,80,'2018-10-09','2018-10-11'),(72,80,'2018-10-23','2018-10-26'),(73,67,'2018-08-05','2018-08-09'),(74,67,'2018-08-19','2018-08-23'),(75,67,'2018-09-08','2018-09-12'),(76,67,'2018-09-22','2018-09-26'),(77,67,'2018-10-08','2018-10-11'),(78,67,'2018-10-22','2018-10-24'),(79,51,'2018-08-09','2018-08-14'),(80,51,'2018-08-18','2018-08-22'),(81,51,'2018-09-06','2018-09-09'),(82,51,'2018-09-19','2018-09-23'),(83,51,'2018-10-09','2018-10-12'),(84,51,'2018-10-24','2018-10-29'),(85,71,'2018-08-09','2018-08-11'),(86,71,'2018-08-22','2018-08-24'),(87,71,'2018-09-09','2018-09-12'),(88,71,'2018-09-23','2018-09-28'),(89,71,'2018-10-08','2018-10-10'),(90,71,'2018-10-22','2018-10-27'),(91,28,'2018-08-06','2018-08-11'),(92,28,'2018-08-18','2018-08-21'),(93,28,'2018-09-05','2018-09-09'),(94,28,'2018-09-19','2018-09-20'),(95,28,'2018-10-07','2018-10-08'),(96,28,'2018-10-22','2018-10-24'),(97,39,'2018-08-08','2018-08-11'),(98,39,'2018-08-22','2018-08-23'),(99,39,'2018-09-07','2018-09-12'),(100,39,'2018-09-17','2018-09-19'),(101,39,'2018-10-06','2018-10-07'),(102,39,'2018-10-24','2018-10-29'),(103,10,'2018-08-10','2018-08-15'),(104,10,'2018-08-22','2018-08-25'),(105,10,'2018-09-05','2018-09-09'),(106,10,'2018-09-24','2018-09-28'),(107,10,'2018-10-06','2018-10-08'),(108,10,'2018-10-18','2018-10-23'),(109,65,'2018-08-07','2018-08-11'),(110,65,'2018-08-20','2018-08-22'),(111,65,'2018-09-07','2018-09-10'),(112,65,'2018-09-24','2018-09-27'),(113,65,'2018-10-07','2018-10-10'),(114,65,'2018-10-20','2018-10-23'),(115,32,'2018-08-05','2018-08-09'),(116,32,'2018-08-23','2018-08-28'),(117,32,'2018-09-09','2018-09-14'),(118,32,'2018-09-21','2018-09-26'),(119,32,'2018-10-05','2018-10-10'),(120,32,'2018-10-20','2018-10-24'),(121,7,'2018-08-05','2018-08-08'),(122,7,'2018-08-22','2018-08-24'),(123,7,'2018-09-05','2018-09-07'),(124,7,'2018-09-21','2018-09-22'),(125,7,'2018-10-09','2018-10-14'),(126,7,'2018-10-18','2018-10-23'),(127,46,'2018-08-07','2018-08-08'),(128,46,'2018-08-19','2018-08-24'),(129,46,'2018-09-09','2018-09-12'),(130,46,'2018-09-24','2018-09-26'),(131,46,'2018-10-06','2018-10-10'),(132,46,'2018-10-20','2018-10-25'),(133,46,'2018-08-09','2018-08-14'),(134,46,'2018-08-19','2018-08-23'),(135,46,'2018-09-06','2018-09-09'),(136,46,'2018-09-19','2018-09-22'),(137,46,'2018-10-08','2018-10-11'),(138,46,'2018-10-22','2018-10-26'),(139,8,'2018-08-08','2018-08-13'),(140,8,'2018-08-21','2018-08-24'),(141,8,'2018-09-05','2018-09-07'),(142,8,'2018-09-16','2018-09-19'),(143,8,'2018-10-06','2018-10-11'),(144,8,'2018-10-23','2018-10-27'),(145,37,'2018-08-10','2018-08-14'),(146,37,'2018-08-20','2018-08-23'),(147,37,'2018-09-10','2018-09-13'),(148,37,'2018-09-20','2018-09-23'),(149,37,'2018-10-06','2018-10-08'),(150,37,'2018-10-19','2018-10-22'),(151,98,'2018-08-08','2018-08-12'),(152,98,'2018-08-19','2018-08-20'),(153,98,'2018-09-09','2018-09-13'),(154,98,'2018-09-22','2018-09-24'),(155,98,'2018-10-09','2018-10-14'),(156,98,'2018-10-19','2018-10-24'),(157,1,'2018-08-08','2018-08-12'),(158,1,'2018-08-19','2018-08-20'),(159,1,'2018-09-09','2018-09-11'),(160,1,'2018-09-18','2018-09-19'),(161,1,'2018-10-07','2018-10-12'),(162,1,'2018-10-16','2018-10-19'),(163,8,'2018-08-07','2018-08-11'),(164,8,'2018-08-16','2018-08-18'),(165,8,'2018-09-09','2018-09-12'),(166,8,'2018-09-19','2018-09-24'),(167,8,'2018-10-10','2018-10-11'),(168,8,'2018-10-22','2018-10-25'),(169,72,'2018-08-06','2018-08-09'),(170,72,'2018-08-22','2018-08-26'),(171,72,'2018-09-08','2018-09-12'),(172,72,'2018-09-24','2018-09-29'),(173,72,'2018-10-10','2018-10-14'),(174,72,'2018-10-20','2018-10-24'),(175,81,'2018-08-06','2018-08-11'),(176,81,'2018-08-16','2018-08-20'),(177,81,'2018-09-10','2018-09-11'),(178,81,'2018-09-17','2018-09-18'),(179,81,'2018-10-05','2018-10-08'),(180,81,'2018-10-20','2018-10-23'),(181,100,'2018-08-06','2018-08-09'),(182,100,'2018-08-18','2018-08-20'),(183,100,'2018-09-05','2018-09-09'),(184,100,'2018-09-18','2018-09-20'),(185,100,'2018-10-06','2018-10-07'),(186,100,'2018-10-19','2018-10-23'),(187,90,'2018-08-10','2018-08-11'),(188,90,'2018-08-20','2018-08-24'),(189,90,'2018-09-09','2018-09-14'),(190,90,'2018-09-23','2018-09-25'),(191,90,'2018-10-06','2018-10-10'),(192,90,'2018-10-20','2018-10-21'),(193,8,'2018-08-09','2018-08-10'),(194,8,'2018-08-22','2018-08-25'),(195,8,'2018-09-08','2018-09-11'),(196,8,'2018-09-18','2018-09-22'),(197,8,'2018-10-09','2018-10-11'),(198,8,'2018-10-17','2018-10-22'),(199,55,'2018-08-05','2018-08-09'),(200,55,'2018-08-20','2018-08-24'),(201,55,'2018-09-07','2018-09-08'),(202,55,'2018-09-22','2018-09-24'),(203,55,'2018-10-08','2018-10-11'),(204,55,'2018-10-20','2018-10-23'),(205,37,'2018-08-10','2018-08-14'),(206,37,'2018-08-19','2018-08-22'),(207,37,'2018-09-07','2018-09-10'),(208,37,'2018-09-23','2018-09-25'),(209,37,'2018-10-06','2018-10-07'),(210,37,'2018-10-18','2018-10-21'),(211,68,'2018-08-09','2018-08-14'),(212,68,'2018-08-19','2018-08-23'),(213,68,'2018-09-07','2018-09-12'),(214,68,'2018-09-22','2018-09-26'),(215,68,'2018-10-09','2018-10-11'),(216,68,'2018-10-22','2018-10-23'),(217,39,'2018-08-08','2018-08-10'),(218,39,'2018-08-19','2018-08-21'),(219,39,'2018-09-09','2018-09-10'),(220,39,'2018-09-17','2018-09-20'),(221,39,'2018-10-07','2018-10-10'),(222,39,'2018-10-24','2018-10-28'),(223,24,'2018-08-06','2018-08-10'),(224,24,'2018-08-18','2018-08-22'),(225,24,'2018-09-05','2018-09-08'),(226,24,'2018-09-19','2018-09-24'),(227,24,'2018-10-09','2018-10-13'),(228,24,'2018-10-17','2018-10-21'),(229,81,'2018-08-06','2018-08-09'),(230,81,'2018-08-22','2018-08-25'),(231,81,'2018-09-07','2018-09-09'),(232,81,'2018-09-17','2018-09-21'),(233,81,'2018-10-06','2018-10-07'),(234,81,'2018-10-21','2018-10-22'),(235,72,'2018-08-06','2018-08-10'),(236,72,'2018-08-21','2018-08-23'),(237,72,'2018-09-09','2018-09-10'),(238,72,'2018-09-20','2018-09-22'),(239,72,'2018-10-09','2018-10-11'),(240,72,'2018-10-16','2018-10-21'),(241,74,'2018-08-10','2018-08-13'),(242,74,'2018-08-19','2018-08-21'),(243,74,'2018-09-09','2018-09-10'),(244,74,'2018-09-21','2018-09-24'),(245,74,'2018-10-07','2018-10-10'),(246,74,'2018-10-16','2018-10-17'),(247,10,'2018-08-05','2018-08-08'),(248,10,'2018-08-21','2018-08-25'),(249,10,'2018-09-08','2018-09-13'),(250,10,'2018-09-18','2018-09-19'),(251,10,'2018-10-08','2018-10-13'),(252,10,'2018-10-16','2018-10-20'),(253,99,'2018-08-10','2018-08-11'),(254,99,'2018-08-19','2018-08-22'),(255,99,'2018-09-10','2018-09-14'),(256,99,'2018-09-21','2018-09-23'),(257,99,'2018-10-05','2018-10-09'),(258,99,'2018-10-16','2018-10-19'),(259,92,'2018-08-10','2018-08-13'),(260,92,'2018-08-21','2018-08-22'),(261,92,'2018-09-08','2018-09-12'),(262,92,'2018-09-23','2018-09-27'),(263,92,'2018-10-10','2018-10-15'),(264,92,'2018-10-22','2018-10-26'),(265,3,'2018-08-09','2018-08-12'),(266,3,'2018-08-21','2018-08-25'),(267,3,'2018-09-09','2018-09-13'),(268,3,'2018-09-20','2018-09-23'),(269,3,'2018-10-09','2018-10-13'),(270,3,'2018-10-19','2018-10-22'),(271,16,'2018-08-08','2018-08-12'),(272,16,'2018-08-23','2018-08-27'),(273,16,'2018-09-08','2018-09-12'),(274,16,'2018-09-16','2018-09-20'),(275,16,'2018-10-07','2018-10-12'),(276,16,'2018-10-24','2018-10-28'),(277,71,'2018-08-09','2018-08-10'),(278,71,'2018-08-16','2018-08-19'),(279,71,'2018-09-10','2018-09-11'),(280,71,'2018-09-20','2018-09-23'),(281,71,'2018-10-08','2018-10-11'),(282,71,'2018-10-23','2018-10-24'),(283,15,'2018-08-05','2018-08-06'),(284,15,'2018-08-20','2018-08-22'),(285,15,'2018-09-07','2018-09-09'),(286,15,'2018-09-24','2018-09-29'),(287,15,'2018-10-06','2018-10-09'),(288,15,'2018-10-23','2018-10-27'),(289,1,'2018-08-06','2018-08-11'),(290,1,'2018-08-20','2018-08-21'),(291,1,'2018-09-05','2018-09-10'),(292,1,'2018-09-18','2018-09-22'),(293,1,'2018-10-06','2018-10-08'),(294,1,'2018-10-18','2018-10-21'),(295,66,'2018-08-09','2018-08-10'),(296,66,'2018-08-17','2018-08-21'),(297,66,'2018-09-07','2018-09-09'),(298,66,'2018-09-18','2018-09-20'),(299,66,'2018-10-07','2018-10-11'),(300,66,'2018-10-19','2018-10-24'),(301,39,'2018-08-09','2018-08-11'),(302,39,'2018-08-17','2018-08-19'),(303,39,'2018-09-08','2018-09-10'),(304,39,'2018-09-21','2018-09-23'),(305,39,'2018-10-07','2018-10-12'),(306,39,'2018-10-21','2018-10-23'),(307,93,'2018-08-09','2018-08-10'),(308,93,'2018-08-21','2018-08-22'),(309,93,'2018-09-10','2018-09-15'),(310,93,'2018-09-17','2018-09-19'),(311,93,'2018-10-08','2018-10-12'),(312,93,'2018-10-18','2018-10-19'),(313,83,'2018-08-07','2018-08-09'),(314,83,'2018-08-16','2018-08-18'),(315,83,'2018-09-09','2018-09-11'),(316,83,'2018-09-24','2018-09-29'),(317,83,'2018-10-09','2018-10-10'),(318,83,'2018-10-16','2018-10-17'),(319,29,'2018-08-06','2018-08-10'),(320,29,'2018-08-20','2018-08-21'),(321,29,'2018-09-05','2018-09-09'),(322,29,'2018-09-19','2018-09-24'),(323,29,'2018-10-09','2018-10-13'),(324,29,'2018-10-22','2018-10-23'),(325,51,'2018-08-07','2018-08-09'),(326,51,'2018-08-18','2018-08-22'),(327,51,'2018-09-09','2018-09-10'),(328,51,'2018-09-18','2018-09-19'),(329,51,'2018-10-10','2018-10-14'),(330,51,'2018-10-16','2018-10-17'),(331,85,'2018-08-09','2018-08-11'),(332,85,'2018-08-21','2018-08-25'),(333,85,'2018-09-09','2018-09-14'),(334,85,'2018-09-23','2018-09-28'),(335,85,'2018-10-08','2018-10-09'),(336,85,'2018-10-23','2018-10-26'),(337,81,'2018-08-10','2018-08-14'),(338,81,'2018-08-20','2018-08-21'),(339,81,'2018-09-05','2018-09-06'),(340,81,'2018-09-18','2018-09-19'),(341,81,'2018-10-08','2018-10-10'),(342,81,'2018-10-20','2018-10-25'),(343,46,'2018-08-10','2018-08-15'),(344,46,'2018-08-17','2018-08-21'),(345,46,'2018-09-10','2018-09-12'),(346,46,'2018-09-18','2018-09-23'),(347,46,'2018-10-08','2018-10-10'),(348,46,'2018-10-23','2018-10-27'),(349,77,'2018-08-07','2018-08-11'),(350,77,'2018-08-19','2018-08-22'),(351,77,'2018-09-10','2018-09-12'),(352,77,'2018-09-22','2018-09-25'),(353,77,'2018-10-09','2018-10-10'),(354,77,'2018-10-16','2018-10-21'),(355,56,'2018-08-09','2018-08-14'),(356,56,'2018-08-24','2018-08-29'),(357,56,'2018-09-10','2018-09-13'),(358,56,'2018-09-23','2018-09-28'),(359,56,'2018-10-08','2018-10-10'),(360,56,'2018-10-18','2018-10-19'),(361,82,'2018-08-10','2018-08-12'),(362,82,'2018-08-23','2018-08-25'),(363,82,'2018-09-08','2018-09-12'),(364,82,'2018-09-23','2018-09-25'),(365,82,'2018-10-09','2018-10-11'),(366,82,'2018-10-23','2018-10-27'),(367,57,'2018-08-05','2018-08-10'),(368,57,'2018-08-16','2018-08-19'),(369,57,'2018-09-08','2018-09-09'),(370,57,'2018-09-21','2018-09-22'),(371,57,'2018-10-08','2018-10-10'),(372,57,'2018-10-22','2018-10-26'),(373,17,'2018-08-09','2018-08-10'),(374,17,'2018-08-20','2018-08-23'),(375,17,'2018-09-10','2018-09-12'),(376,17,'2018-09-19','2018-09-23'),(377,17,'2018-10-10','2018-10-14'),(378,17,'2018-10-23','2018-10-24'),(379,5,'2018-08-08','2018-08-09'),(380,5,'2018-08-20','2018-08-22'),(381,5,'2018-09-10','2018-09-14'),(382,5,'2018-09-23','2018-09-26'),(383,5,'2018-10-10','2018-10-15'),(384,5,'2018-10-16','2018-10-20'),(385,29,'2018-08-10','2018-08-13'),(386,29,'2018-08-24','2018-08-29'),(387,29,'2018-09-05','2018-09-07'),(388,29,'2018-09-23','2018-09-24'),(389,29,'2018-10-10','2018-10-13'),(390,29,'2018-10-19','2018-10-24'),(391,86,'2018-08-05','2018-08-06'),(392,86,'2018-08-24','2018-08-28'),(393,86,'2018-09-07','2018-09-12'),(394,86,'2018-09-19','2018-09-20'),(395,86,'2018-10-05','2018-10-08'),(396,86,'2018-10-23','2018-10-26'),(397,70,'2018-08-10','2018-08-15'),(398,70,'2018-08-17','2018-08-22'),(399,70,'2018-09-07','2018-09-09'),(400,70,'2018-09-22','2018-09-24'),(401,70,'2018-10-09','2018-10-14'),(402,70,'2018-10-18','2018-10-22'),(403,29,'2018-08-07','2018-08-12'),(404,29,'2018-08-17','2018-08-21'),(405,29,'2018-09-05','2018-09-09'),(406,29,'2018-09-21','2018-09-23'),(407,29,'2018-10-09','2018-10-14'),(408,29,'2018-10-17','2018-10-19'),(409,100,'2018-08-05','2018-08-08'),(410,100,'2018-08-24','2018-08-27'),(411,100,'2018-09-07','2018-09-08'),(412,100,'2018-09-18','2018-09-21'),(413,100,'2018-10-07','2018-10-09'),(414,100,'2018-10-19','2018-10-20'),(415,11,'2018-08-07','2018-08-09'),(416,11,'2018-08-23','2018-08-27'),(417,11,'2018-09-09','2018-09-14'),(418,11,'2018-09-24','2018-09-29'),(419,11,'2018-10-07','2018-10-12'),(420,11,'2018-10-19','2018-10-20'),(421,81,'2018-08-09','2018-08-13'),(422,81,'2018-08-18','2018-08-22'),(423,81,'2018-09-08','2018-09-11'),(424,81,'2018-09-24','2018-09-29'),(425,81,'2018-10-06','2018-10-07'),(426,81,'2018-10-24','2018-10-25'),(427,49,'2018-08-08','2018-08-10'),(428,49,'2018-08-19','2018-08-20'),(429,49,'2018-09-09','2018-09-11'),(430,49,'2018-09-24','2018-09-27'),(431,49,'2018-10-07','2018-10-08'),(432,49,'2018-10-21','2018-10-26'),(433,27,'2018-08-08','2018-08-09'),(434,27,'2018-08-16','2018-08-19'),(435,27,'2018-09-09','2018-09-10'),(436,27,'2018-09-23','2018-09-25'),(437,27,'2018-10-05','2018-10-08'),(438,27,'2018-10-16','2018-10-17'),(439,2,'2018-08-08','2018-08-10'),(440,2,'2018-08-23','2018-08-24'),(441,2,'2018-09-09','2018-09-12'),(442,2,'2018-09-19','2018-09-24'),(443,2,'2018-10-06','2018-10-11'),(444,2,'2018-10-16','2018-10-19'),(445,47,'2018-08-05','2018-08-08'),(446,47,'2018-08-20','2018-08-23'),(447,47,'2018-09-09','2018-09-14'),(448,47,'2018-09-17','2018-09-19'),(449,47,'2018-10-07','2018-10-08'),(450,47,'2018-10-16','2018-10-19'),(451,84,'2018-08-09','2018-08-14'),(452,84,'2018-08-22','2018-08-27'),(453,84,'2018-09-09','2018-09-13'),(454,84,'2018-09-18','2018-09-21'),(455,84,'2018-10-10','2018-10-12'),(456,84,'2018-10-20','2018-10-22'),(457,21,'2018-08-10','2018-08-14'),(458,21,'2018-08-24','2018-08-26'),(459,21,'2018-09-08','2018-09-10'),(460,21,'2018-09-16','2018-09-19'),(461,21,'2018-10-08','2018-10-10'),(462,21,'2018-10-24','2018-10-26'),(463,54,'2018-08-06','2018-08-07'),(464,54,'2018-08-21','2018-08-25'),(465,54,'2018-09-08','2018-09-11'),(466,54,'2018-09-17','2018-09-19'),(467,54,'2018-10-08','2018-10-13'),(468,54,'2018-10-18','2018-10-22'),(469,60,'2018-08-09','2018-08-12'),(470,60,'2018-08-17','2018-08-22'),(471,60,'2018-09-06','2018-09-10'),(472,60,'2018-09-16','2018-09-20'),(473,60,'2018-10-05','2018-10-06'),(474,60,'2018-10-21','2018-10-26'),(475,26,'2018-08-08','2018-08-12'),(476,26,'2018-08-22','2018-08-25'),(477,26,'2018-09-06','2018-09-07'),(478,26,'2018-09-20','2018-09-23'),(479,26,'2018-10-08','2018-10-09'),(480,26,'2018-10-18','2018-10-20');
/*!40000 ALTER TABLE `booked_dates` ENABLE KEYS */;
UNLOCK TABLES;

--
-- Table structure for table `hosts`
--

DROP TABLE IF EXISTS `hosts`;
/*!40101 SET @saved_cs_client     = @@character_set_client */;
 SET character_set_client = utf8mb4 ;
CREATE TABLE `hosts` (
  `id` int(11) NOT NULL AUTO_INCREMENT,
  `user_id` int(11) DEFAULT NULL,
  PRIMARY KEY (`id`),
  KEY `user_id` (`user_id`),
  CONSTRAINT `hosts_ibfk_1` FOREIGN KEY (`user_id`) REFERENCES `users` (`id`)
) ENGINE=InnoDB AUTO_INCREMENT=101 DEFAULT CHARSET=utf8;
/*!40101 SET character_set_client = @saved_cs_client */;

--
-- Dumping data for table `hosts`
--

LOCK TABLES `hosts` WRITE;
/*!40000 ALTER TABLE `hosts` DISABLE KEYS */;
INSERT INTO `hosts` VALUES (25,1),(70,2),(76,3),(37,4),(47,5),(92,6),(97,7),(99,8),(57,9),(35,10),(7,11),(71,12),(62,13),(58,14),(15,15),(50,16),(31,17),(52,18),(85,19),(2,20),(28,21),(40,22),(59,23),(30,24),(67,25),(8,26),(49,27),(81,28),(51,29),(22,30),(93,31),(74,32),(38,33),(68,34),(6,35),(53,36),(20,37),(98,38),(65,39),(44,40),(48,41),(36,42),(18,43),(21,44),(42,45),(100,46),(39,47),(27,48),(1,49),(60,50),(73,51),(66,52),(33,53),(43,54),(83,55),(26,56),(72,57),(14,58),(5,59),(77,60),(10,61),(34,62),(55,63),(41,64),(78,65),(63,66),(13,67),(80,68),(69,69),(17,70),(84,71),(91,72),(94,73),(12,74),(86,75),(95,76),(56,77),(23,78),(3,79),(24,80),(11,81),(4,82),(54,83),(61,84),(9,85),(87,86),(46,87),(45,88),(96,89),(29,90),(82,91),(79,92),(16,93),(88,94),(64,95),(32,96),(19,97),(90,98),(89,99),(75,100);
/*!40000 ALTER TABLE `hosts` ENABLE KEYS */;
UNLOCK TABLES;

--
-- Table structure for table `listings`
--

DROP TABLE IF EXISTS `listings`;
/*!40101 SET @saved_cs_client     = @@character_set_client */;
 SET character_set_client = utf8mb4 ;
CREATE TABLE `listings` (
  `id` int(11) NOT NULL AUTO_INCREMENT,
  `host_id` int(11) DEFAULT NULL,
  `review_id` int(11) DEFAULT NULL,
  `weekly_views` int(11) DEFAULT '0',
  `min_stay` int(11) DEFAULT '1',
  `max_guests` int(11) DEFAULT NULL,
  `fees` float DEFAULT '0',
  `tax_rate` int(11) DEFAULT NULL,
  `rate` float NOT NULL,
  PRIMARY KEY (`id`),
  KEY `host_id` (`host_id`),
  KEY `review_id` (`review_id`),
  CONSTRAINT `listings_ibfk_1` FOREIGN KEY (`host_id`) REFERENCES `hosts` (`id`),
  CONSTRAINT `listings_ibfk_2` FOREIGN KEY (`review_id`) REFERENCES `reviews` (`id`)
) ENGINE=InnoDB AUTO_INCREMENT=101 DEFAULT CHARSET=utf8;
/*!40101 SET character_set_client = @saved_cs_client */;

--
-- Dumping data for table `listings`
--

LOCK TABLES `listings` WRITE;
/*!40000 ALTER TABLE `listings` DISABLE KEYS */;
INSERT INTO `listings` VALUES (1,12,21,285,3,10,8.11484,15,63.2749),(2,36,37,101,2,4,1.55114,16,161.899),(3,8,52,250,2,8,6.23625,11,290.901),(4,27,35,461,2,8,5.44644,4,91.2849),(5,1,37,203,2,6,1.79841,10,103.124),(6,79,54,155,3,4,1.42881,20,235.075),(7,11,62,528,2,9,2.16232,6,7.45481),(8,80,8,21,3,6,9.46006,10,168.781),(9,13,28,116,1,9,9.55718,4,210.713),(10,92,34,158,3,9,1.16987,19,220.571),(11,80,67,96,1,6,2.51792,8,208.376),(12,1,35,587,3,8,9.88208,15,258.397),(13,46,56,561,2,6,9.25985,2,268.778),(14,41,69,171,2,7,6.23238,9,281.797),(15,15,73,171,1,6,7.91035,11,276.433),(16,56,7,334,3,7,1.21681,16,31.3047),(17,24,39,431,3,5,3.92021,6,293.313),(18,25,66,40,3,9,6.24009,5,29.8418),(19,1,84,179,3,6,3.77205,2,178.754),(20,24,93,324,3,2,10.5838,7,194.375),(21,49,14,339,1,9,10.149,15,278.268),(22,100,33,565,1,4,4.09797,16,34.8993),(23,92,83,132,2,9,3.33979,17,155.798),(24,28,50,586,3,5,10.7756,20,153.255),(25,49,74,372,1,6,2.25778,16,39.8084),(26,14,43,559,1,10,8.99738,13,69.4312),(27,79,66,426,3,5,4.18197,5,176.964),(28,18,24,419,2,6,3.89098,10,214.052),(29,32,70,320,2,2,10.7956,7,198.269),(30,11,42,301,1,3,3.36982,18,9.34193),(31,37,74,228,2,10,5.10475,10,4.67137),(32,95,8,510,1,8,3.96342,5,99.1179),(33,20,40,413,3,9,6.97578,11,113.232),(34,100,62,510,3,2,2.60772,14,32.0529),(35,59,89,322,2,2,7.99093,3,50.307),(36,92,99,184,3,10,9.22392,12,284.697),(37,41,34,437,1,6,9.63768,14,186.949),(38,47,47,461,1,6,4.38513,10,22.94),(39,70,83,137,3,2,1.13721,20,48.4603),(40,29,35,576,1,4,10.4345,8,60.1637),(41,60,97,559,1,6,2.55189,17,20.6215),(42,62,63,109,1,4,9.04503,4,18.6354),(43,90,72,208,3,8,1.18575,19,12.2453),(44,93,6,198,1,8,7.55054,2,145.318),(45,8,14,29,2,6,10.2871,7,37.8501),(46,6,58,410,3,9,7.36111,13,8.10269),(47,93,72,109,2,5,2.71932,6,138.756),(48,52,93,270,2,7,7.6925,8,112.91),(49,77,81,57,1,7,2.10459,10,24.7074),(50,13,6,34,3,7,1.75072,8,281.301),(51,70,62,266,3,4,3.43468,7,175.544),(52,29,35,539,1,4,5.79847,14,165.401),(53,68,52,365,1,8,9.14622,13,254.229),(54,48,94,67,1,4,3.2617,4,57.6206),(55,18,46,443,1,6,8.25665,15,152.496),(56,65,11,216,3,6,2.80417,1,248.299),(57,91,20,85,1,7,7.73957,9,105.289),(58,56,39,294,1,3,4.53182,8,79.2354),(59,13,80,245,3,8,5.19201,13,48.4741),(60,63,83,132,1,8,8.64688,12,138.025),(61,26,41,167,3,10,9.49659,5,66.281),(62,69,65,29,3,3,7.89332,2,195.597),(63,79,76,490,1,2,5.02853,18,122.925),(64,87,28,370,1,3,10.619,7,258.995),(65,64,33,187,3,9,2.74264,14,143.664),(66,69,70,516,3,6,3.28032,13,119.086),(67,12,45,161,2,7,2.61217,19,155.78),(68,49,35,379,1,4,8.97371,2,140.729),(69,16,4,384,1,5,9.63889,6,244.174),(70,35,82,101,3,10,8.16374,12,24.1205),(71,86,20,134,3,10,1.65558,8,179.49),(72,3,19,524,2,3,8.64208,9,299.991),(73,37,52,329,2,4,8.73234,20,149.29),(74,88,43,36,3,5,4.98079,1,198.67),(75,62,89,9,3,10,3.79006,19,24.0014),(76,66,82,354,3,4,10.0932,6,300.965),(77,22,7,16,3,9,4.97117,13,71.4608),(78,91,37,202,3,8,3.27497,5,286.424),(79,49,52,133,3,9,8.46753,5,202.112),(80,83,21,336,2,3,6.37093,5,59.0216),(81,53,27,299,2,5,1.69044,20,259.194),(82,18,45,70,3,6,8.12314,8,71.9478),(83,72,35,339,1,9,7.35485,14,23.7102),(84,57,88,29,3,2,4.20733,12,229.498),(85,40,100,516,1,9,1.46148,19,87.8341),(86,31,97,446,3,9,6.45297,5,125.883),(87,41,75,30,3,5,7.44645,20,35.5843),(88,38,18,345,2,5,4.16512,19,22.4973),(89,45,73,162,3,2,9.13255,11,235.783),(90,11,29,525,1,5,9.10956,1,186.179),(91,49,53,222,1,6,5.3862,17,122.364),(92,59,88,508,3,3,1.40263,8,230.805),(93,92,14,358,3,3,1.23009,16,164.445),(94,10,91,220,3,10,7.648,7,29.2746),(95,87,13,556,2,3,3.57483,17,239.113),(96,89,94,262,3,6,8.78493,11,296.626),(97,18,38,485,1,6,1.09775,13,36.1309),(98,14,96,1,2,9,6.91239,5,256.305),(99,17,7,181,2,2,6.68734,13,300.247),(100,11,38,600,1,6,10.5268,11,168.276);
/*!40000 ALTER TABLE `listings` ENABLE KEYS */;
UNLOCK TABLES;

--
-- Table structure for table `reservations`
--

DROP TABLE IF EXISTS `reservations`;
/*!40101 SET @saved_cs_client     = @@character_set_client */;
 SET character_set_client = utf8mb4 ;
CREATE TABLE `reservations` (
  `id` int(11) NOT NULL AUTO_INCREMENT,
  `guest_id` int(11) DEFAULT NULL,
  `booked_dates_id` int(11) NOT NULL,
  `total_adults` int(11) NOT NULL,
  `total_pups` int(11) DEFAULT '0',
  `total_charge` float NOT NULL,
  `created_at` datetime DEFAULT CURRENT_TIMESTAMP,
  PRIMARY KEY (`id`),
  KEY `guest_id` (`guest_id`),
  CONSTRAINT `reservations_ibfk_1` FOREIGN KEY (`guest_id`) REFERENCES `users` (`id`)
) ENGINE=InnoDB DEFAULT CHARSET=utf8;
/*!40101 SET character_set_client = @saved_cs_client */;

--
-- Dumping data for table `reservations`
--

LOCK TABLES `reservations` WRITE;
/*!40000 ALTER TABLE `reservations` DISABLE KEYS */;
/*!40000 ALTER TABLE `reservations` ENABLE KEYS */;
UNLOCK TABLES;

--
-- Table structure for table `reviews`
--

DROP TABLE IF EXISTS `reviews`;
/*!40101 SET @saved_cs_client     = @@character_set_client */;
 SET character_set_client = utf8mb4 ;
CREATE TABLE `reviews` (
  `id` int(11) NOT NULL AUTO_INCREMENT,
  `total_reviews` int(11) DEFAULT '0',
  `avg_rating` float DEFAULT '0',
  PRIMARY KEY (`id`)
) ENGINE=InnoDB AUTO_INCREMENT=101 DEFAULT CHARSET=utf8;
/*!40101 SET character_set_client = @saved_cs_client */;

--
-- Dumping data for table `reviews`
--

LOCK TABLES `reviews` WRITE;
/*!40000 ALTER TABLE `reviews` DISABLE KEYS */;
INSERT INTO `reviews` VALUES (1,445,2.36865),(2,181,2.4029),(3,6,0.616506),(4,846,1.90296),(5,171,1.12842),(6,653,1.59328),(7,853,3.68543),(8,886,3.91257),(9,65,3.13913),(10,1058,2.93354),(11,109,3.6501),(12,518,0.669687),(13,265,3.37549),(14,388,0.783167),(15,472,3.18912),(16,59,3.02031),(17,887,0.652115),(18,186,1.87379),(19,880,2.90456),(20,463,1.7724),(21,213,0.0344678),(22,502,3.14716),(23,309,2.41226),(24,800,1.21393),(25,463,1.67625),(26,697,3.22118),(27,252,1.72838),(28,119,2.606),(29,881,3.61919),(30,610,1.02026),(31,688,0.879953),(32,309,2.4995),(33,40,0.41915),(34,1089,2.93199),(35,749,0.679021),(36,413,3.20894),(37,693,0.813609),(38,746,2.4792),(39,468,0.396267),(40,67,3.47205),(41,16,1.2607),(42,33,0.116889),(43,348,3.96619),(44,1083,1.76984),(45,872,2.17878),(46,347,1.30019),(47,887,0.618184),(48,1007,3.81256),(49,937,3.32275),(50,515,2.93224),(51,406,1.39787),(52,829,3.96933),(53,192,2.49838),(54,6,0.2135),(55,831,0.648453),(56,830,3.04445),(57,178,1.19595),(58,566,2.67785),(59,960,3.99052),(60,847,3.62966),(61,1049,0.809194),(62,731,1.19156),(63,635,3.68652),(64,365,0.632081),(65,728,3.09761),(66,146,1.8918),(67,0,3.0787),(68,721,1.5113),(69,746,2.72963),(70,1018,2.09254),(71,75,1.53002),(72,198,0.160023),(73,1103,2.80697),(74,624,3.96818),(75,794,3.93575),(76,814,2.85694),(77,183,3.13287),(78,825,1.85124),(79,142,0.0361878),(80,799,2.07359),(81,909,1.05541),(82,1083,0.578779),(83,526,0.724456),(84,401,0.614359),(85,287,2.5651),(86,139,0.846536),(87,1029,3.14549),(88,479,3.32263),(89,473,3.2704),(90,541,1.36812),(91,397,0.129741),(92,37,1.65291),(93,768,1.13381),(94,558,2.08549),(95,946,0.966325),(96,135,0.866791),(97,1073,2.6533),(98,93,1.08674),(99,449,0.335906),(100,529,0.471953);
/*!40000 ALTER TABLE `reviews` ENABLE KEYS */;
UNLOCK TABLES;

--
-- Table structure for table `users`
--

DROP TABLE IF EXISTS `users`;
/*!40101 SET @saved_cs_client     = @@character_set_client */;
 SET character_set_client = utf8mb4 ;
CREATE TABLE `users` (
  `id` int(11) NOT NULL AUTO_INCREMENT,
  `username` varchar(35) NOT NULL,
  PRIMARY KEY (`id`)
) ENGINE=InnoDB AUTO_INCREMENT=201 DEFAULT CHARSET=utf8;
/*!40101 SET character_set_client = @saved_cs_client */;

--
-- Dumping data for table `users`
--

LOCK TABLES `users` WRITE;
/*!40000 ALTER TABLE `users` DISABLE KEYS */;
INSERT INTO `users` VALUES (1,'whalewhalewhale0'),(2,'whatdoestheMDNfirefoxsay1'),(3,'pupofjoe2'),(4,'pupofjoe3'),(5,'kittyPerry4'),(6,'littlemewmaid5'),(7,'littlemewmaid6'),(8,'whatdoestheMDNfirefoxsay7'),(9,'couchpugtato8'),(10,'whatdoestheMDNfirefoxsay9'),(11,'littlemewmaid10'),(12,'couchpugtato11'),(13,'toadallyCool12'),(14,'chimpion13'),(15,'chimpion14'),(16,'toadallyCool15'),(17,'sleepingmewty16'),(18,'toadallyCool17'),(19,'sleepingmewty18'),(20,'toadallyCool19'),(21,'littlemewmaid20'),(22,'whalewhalewhale21'),(23,'whalewhalewhale22'),(24,'couchpugtato23'),(25,'instaham24'),(26,'whatdoestheMDNfirefoxsay25'),(27,'instaham26'),(28,'hipsterpotamus27'),(29,'littlemewmaid28'),(30,'instaham29'),(31,'sleepingmewty30'),(32,'kittyPerry31'),(33,'kittyPerry32'),(34,'whalewhalewhale33'),(35,'toadallyCool34'),(36,'hipsterpotamus35'),(37,'whatdoestheMDNfirefoxsay36'),(38,'chimpion37'),(39,'littlemewmaid38'),(40,'instaham39'),(41,'hipsterpotamus40'),(42,'kittyPerry41'),(43,'littlemewmaid42'),(44,'instaham43'),(45,'singleFlaMingle44'),(46,'pupofjoe45'),(47,'hipsterpotamus46'),(48,'chimpion47'),(49,'couchpugtato48'),(50,'singleFlaMingle49'),(51,'instaham50'),(52,'toadallyCool51'),(53,'couchpugtato52'),(54,'littlemewmaid53'),(55,'kittyPerry54'),(56,'instaham55'),(57,'pupofjoe56'),(58,'couchpugtato57'),(59,'whalewhalewhale58'),(60,'chimpion59'),(61,'pupofjoe60'),(62,'whalewhalewhale61'),(63,'whalewhalewhale62'),(64,'sleepingmewty63'),(65,'instaham64'),(66,'pupofjoe65'),(67,'chimpion66'),(68,'sleepingmewty67'),(69,'hipsterpotamus68'),(70,'hipsterpotamus69'),(71,'toadallyCool70'),(72,'sleepingmewty71'),(73,'chimpion72'),(74,'whalewhalewhale73'),(75,'instaham74'),(76,'toadallyCool75'),(77,'couchpugtato76'),(78,'chimpion77'),(79,'littlemewmaid78'),(80,'couchpugtato79'),(81,'instaham80'),(82,'chimpion81'),(83,'chimpion82'),(84,'instaham83'),(85,'sleepingmewty84'),(86,'sleepingmewty85'),(87,'chimpion86'),(88,'kittyPerry87'),(89,'toadallyCool88'),(90,'couchpugtato89'),(91,'hipsterpotamus90'),(92,'whatdoestheMDNfirefoxsay91'),(93,'kittyPerry92'),(94,'kittyPerry93'),(95,'whatdoestheMDNfirefoxsay94'),(96,'singleFlaMingle95'),(97,'sleepingmewty96'),(98,'kittyPerry97'),(99,'toadallyCool98'),(100,'littlemewmaid99'),(101,'whatdoestheMDNfirefoxsay100'),(102,'instaham101'),(103,'sleepingmewty102'),(104,'sleepingmewty103'),(105,'chimpion104'),(106,'kittyPerry105'),(107,'pupofjoe106'),(108,'chimpion107'),(109,'toadallyCool108'),(110,'pupofjoe109'),(111,'chimpion110'),(112,'whatdoestheMDNfirefoxsay111'),(113,'couchpugtato112'),(114,'couchpugtato113'),(115,'singleFlaMingle114'),(116,'whatdoestheMDNfirefoxsay115'),(117,'littlemewmaid116'),(118,'kittyPerry117'),(119,'whalewhalewhale118'),(120,'singleFlaMingle119'),(121,'toadallyCool120'),(122,'whalewhalewhale121'),(123,'littlemewmaid122'),(124,'instaham123'),(125,'chimpion124'),(126,'couchpugtato125'),(127,'kittyPerry126'),(128,'whatdoestheMDNfirefoxsay127'),(129,'whatdoestheMDNfirefoxsay128'),(130,'singleFlaMingle129'),(131,'instaham130'),(132,'toadallyCool131'),(133,'toadallyCool132'),(134,'whatdoestheMDNfirefoxsay133'),(135,'chimpion134'),(136,'chimpion135'),(137,'whatdoestheMDNfirefoxsay136'),(138,'pupofjoe137'),(139,'sleepingmewty138'),(140,'whalewhalewhale139'),(141,'toadallyCool140'),(142,'chimpion141'),(143,'hipsterpotamus142'),(144,'kittyPerry143'),(145,'singleFlaMingle144'),(146,'toadallyCool145'),(147,'chimpion146'),(148,'singleFlaMingle147'),(149,'littlemewmaid148'),(150,'instaham149'),(151,'singleFlaMingle150'),(152,'whalewhalewhale151'),(153,'whalewhalewhale152'),(154,'chimpion153'),(155,'chimpion154'),(156,'sleepingmewty155'),(157,'sleepingmewty156'),(158,'kittyPerry157'),(159,'pupofjoe158'),(160,'kittyPerry159'),(161,'littlemewmaid160'),(162,'instaham161'),(163,'chimpion162'),(164,'littlemewmaid163'),(165,'whatdoestheMDNfirefoxsay164'),(166,'hipsterpotamus165'),(167,'whalewhalewhale166'),(168,'sleepingmewty167'),(169,'littlemewmaid168'),(170,'toadallyCool169'),(171,'singleFlaMingle170'),(172,'littlemewmaid171'),(173,'instaham172'),(174,'whalewhalewhale173'),(175,'instaham174'),(176,'sleepingmewty175'),(177,'toadallyCool176'),(178,'whalewhalewhale177'),(179,'pupofjoe178'),(180,'singleFlaMingle179'),(181,'whalewhalewhale180'),(182,'instaham181'),(183,'chimpion182'),(184,'singleFlaMingle183'),(185,'sleepingmewty184'),(186,'whatdoestheMDNfirefoxsay185'),(187,'chimpion186'),(188,'pupofjoe187'),(189,'whatdoestheMDNfirefoxsay188'),(190,'toadallyCool189'),(191,'singleFlaMingle190'),(192,'sleepingmewty191'),(193,'whalewhalewhale192'),(194,'sleepingmewty193'),(195,'singleFlaMingle194'),(196,'chimpion195'),(197,'sleepingmewty196'),(198,'kittyPerry197'),(199,'singleFlaMingle198'),(200,'kittyPerry199');
/*!40000 ALTER TABLE `users` ENABLE KEYS */;
UNLOCK TABLES;
/*!40103 SET TIME_ZONE=@OLD_TIME_ZONE */;

/*!40101 SET SQL_MODE=@OLD_SQL_MODE */;
/*!40014 SET FOREIGN_KEY_CHECKS=@OLD_FOREIGN_KEY_CHECKS */;
/*!40014 SET UNIQUE_CHECKS=@OLD_UNIQUE_CHECKS */;
/*!40101 SET CHARACTER_SET_CLIENT=@OLD_CHARACTER_SET_CLIENT */;
/*!40101 SET CHARACTER_SET_RESULTS=@OLD_CHARACTER_SET_RESULTS */;
/*!40101 SET COLLATION_CONNECTION=@OLD_COLLATION_CONNECTION */;
/*!40111 SET SQL_NOTES=@OLD_SQL_NOTES */;

-- Dump completed on 2018-08-02 12:07:12
